"Before importing CSV, delete initial column and rows above the CSVHEADER row","","","","","","","","","","","","",""
REQUIRED,y,y,y,y,n,n,n,n,n,n,n,n,n
DATA TYPE,string,string,string,string,string,string,date,string,string,date,string,string,string
REPEATABLE FIELD?,n,n,n,n,n,n,n,n,n,n,y,n,n
REPEATING FIELD GROUP,"","","","","","","","","","","","",""
VALUE SOURCE TYPE,na,authority,authority,authority,vocabulary,na,na,vocabulary,authority,na,authority,vocabulary,na
VALUE SOURCE,"",location/local,location/offsite,organization/local,currentLocationFitness,"","",reasonformove,person/local,"",person/local,inventoryActionRequired,""
CSVHEADER,movementReferenceNumber,currentLocationLocationLocal,currentLocationLocationOffsite,currentLocationOrganization,currentLocationFitness,currentLocationNote,locationDate,reasonForMove,movementContact,inventoryDate,inventoryContact,inventoryActionRequired,inventoryNote
