"Before importing CSV, delete initial column and rows above the CSVHEADER row","","","","","","","","","","","","","","","","","","","","","","","","","","","","","","","","",""
REQUIRED,y,n,n,n,n,n,n,n,n,n,n,n,n,n,n,n,n,n,n,n,n,n,n,n,n,n,n,n,n,n,n,n,n
DATA TYPE,string,string,string,string,string,boolean,string,string,string,string,string,string,string,string,string,string,string,string,string,string,structured date group,string,string,string,string,string,string,string,string,string,string,string,structured date group
REPEATABLE FIELD?,n,n,n,n,n,n,n,n,n,n,n,n,n,n,n,n,n,n,n,n,n,n,n,n,n,n,n,n,n,n,n,n,n
REPEATING FIELD GROUP,citationTermGroupList < citationTermGroup,citationTermGroupList < citationTermGroup,citationTermGroupList < citationTermGroup,citationTermGroupList < citationTermGroup,citationTermGroupList < citationTermGroup,citationTermGroupList < citationTermGroup,citationTermGroupList < citationTermGroup,citationTermGroupList < citationTermGroup,citationTermGroupList < citationTermGroup,citationTermGroupList < citationTermGroup,citationTermGroupList < citationTermGroup,citationTermGroupList < citationTermGroup,citationTermGroupList < citationTermGroup,citationTermGroupList < citationTermGroup,citationTermGroupList < citationTermGroup,citationTermGroupList < citationTermGroup,citationTermGroupList < citationTermGroup,citationPublicationInfoGroupList < citationPublicationInfoGroup,citationPublicationInfoGroupList < citationPublicationInfoGroup,citationPublicationInfoGroupList < citationPublicationInfoGroup,citationPublicationInfoGroupList < citationPublicationInfoGroup,citationPublicationInfoGroupList < citationPublicationInfoGroup,citationPublicationInfoGroupList < citationPublicationInfoGroup,citationAgentInfoGroupList < citationAgentInfoGroup,citationAgentInfoGroupList < citationAgentInfoGroup,citationAgentInfoGroupList < citationAgentInfoGroup,citationAgentInfoGroupList < citationAgentInfoGroup,citationAgentInfoGroupList < citationAgentInfoGroup,"","",citationResourceIdentGroupList < citationResourceIdentGroup,citationResourceIdentGroupList < citationResourceIdentGroup,citationResourceIdentGroupList < citationResourceIdentGroup
VALUE SOURCE TYPE,na,optionlist,vocabulary,vocabulary,vocabulary,na,na,na,na,na,na,na,authority,authority,na,na,na,authority,authority,authority,na,na,na,authority,authority,authority,vocabulary,na,vocabulary,na,na,vocabulary,na
VALUE SOURCE,"","accepted, provisional, rejected, under review",termtype,citationtermflag,languages,"","","","","","","",citation/local,citation/worldcat,"","","",organization/local,place/local,place/tgn,"","","",person/local,person/ulan,organization/local,agentinfotype,"",publicationtype,"","",resourceidtype,""
CSVHEADER,termDisplayName,termStatus,termType,termFlag,termLanguage,termPrefForLang,termFullCitation,termTitle,termSubTitle,termSectionTitle,termVolume,termIssue,termSourceLocal,termSourceWorldcat,termSourceDetail,termSourceID,termSourceNote,publisher,publicationPlaceLocal,publicationPlaceTgn,publicationDate,edition,pages,agentPersonLocal,agentPersonUlan,agentOrganization,role,note,publicationType,citationNote,resourceIdent,type,captureDate
