"Before importing CSV, delete initial column and rows above the CSVHEADER row","","","","","","","","","","","","","","","","","","","","","","","","","","","","","","","","","","","","","","","","","","","","","","","","","","","","","","","","","","","",""
REQUIRED,y,n,n,n,n,n,n,n,n,n,n,n,n,n,n,n,n,n,n,n,n,n,n,n,n,n,n,n,n,n,n,n,n,n,n,n,n,n,n,n,n,n,n,n,n,n,n,n,n,n,n,n,n,n,n,n,n,n,n,n
DATA TYPE,string,string,string,string,string,string,string,boolean,string,string,string,string,string,string,string,string,string,string,string,string,string,string,string,string,string,string,string,structured date group,string,structured date group,string,structured date group,string,string,string,string,string,string,string,string,string,string,string,string,,,,,,,,,,,,,,,,
REPEATABLE FIELD?,n,n,n,n,n,n,n,n,n,n,n,n,n,n,n,n,n,n,n,n,n,y,y,y,y,y,n,n,n,n,n,n,n,n,n,n,n,n,n,n,n,n,n,n,,,,,,,,,,,,,,,,
REPEATING FIELD GROUP,personTermGroupList < personTermGroup,personTermGroupList < personTermGroup,personTermGroupList < personTermGroup,personTermGroupList < personTermGroup,personTermGroupList < personTermGroup,personTermGroupList < personTermGroup,personTermGroupList < personTermGroup,personTermGroupList < personTermGroup,personTermGroupList < personTermGroup,personTermGroupList < personTermGroup,personTermGroupList < personTermGroup,personTermGroupList < personTermGroup,personTermGroupList < personTermGroup,personTermGroupList < personTermGroup,personTermGroupList < personTermGroup,personTermGroupList < personTermGroup,personTermGroupList < personTermGroup,personTermGroupList < personTermGroup,personTermGroupList < personTermGroup,personTermGroupList < personTermGroup,"","","","","","","","","","","","","","","","",emailGroupList < emailGroup,emailGroupList < emailGroup,telephoneNumberGroupList < telephoneNumberGroup,telephoneNumberGroupList < telephoneNumberGroup,faxNumberGroupList < faxNumberGroup,faxNumberGroupList < faxNumberGroup,webAddressGroupList < webAddressGroup,webAddressGroupList < webAddressGroup,"","","","","","","","","","","","","","","",""
VALUE SOURCE TYPE,na,na,na,optionlist,vocabulary,vocabulary,vocabulary,na,vocabulary,vocabulary,na,na,na,na,na,authority,authority,na,na,na,vocabulary,na,authority,authority,authority,na,na,na,na,na,na,na,na,na,na,na,na,vocabulary,na,vocabulary,na,vocabulary,na,vocabulary,na,na,na,na,na,na,na,na,na,na,na,na,na,na,na,na
VALUE SOURCE,"","","","accepted, provisional, rejected, under review",termtype,persontermflag,languages,"",salutation,persontitle,"","","","","",citation/local,citation/worldcat,"","","",gender,"",concept/associated,concept/associated,concept/associated,"","","","","","","","","","","","",emailtype,"",telephonenumbertype,"",faxnumbertype,"",webaddresstype,"","","","","","","","","","","","","","","",""
CSVHEADER,termDisplayName,termName,termQualifier,termStatus,termType,termFlag,termLanguage,termPrefForLang,salutation,title,foreName,middleName,surName,nameAdditions,initials,termSourceLocal,termSourceWorldcat,termSourceDetail,termSourceID,termSourceNote,gender,occupation,schoolOrStyle,group,nationality,personsSpecialty,nameNote,birthDateGroup,birthPlace,deathDateGroup,deathPlace,activeDatesGroup,workLocation,bioNote,legacyParents,legacySeeAlso,email,emailType,telephoneNumber,telephoneNumberType,faxNumber,faxNumberType,webAddress,webAddressType,"",addressPlace1OMCA,"",addressPlace2OMCA,"",addressMunicipalityOMCA,"",addressStateOrProvinceOMCA,"",addressPostCodeOMCA,"",addressCountryOMCA,"",addressTypeOMCA,"",addressNoteOMCA
