"Before importing CSV, delete initial column and rows above the CSVHEADER row","","","","","","","","","","","","","","","","","","","","","","","","","","","","","","",""
REQUIRED,y,n,n,n,n,n,n,n,n,n,n,n,n,n,n,n,n,n,n,n,n,n,n,n,n,n,n,n,n,n,n
DATA TYPE,string,string,string,date,string,string,string,string,string,date,string,string,float,date,boolean,boolean,string,string,string,date,string,string,date,date,date,string,string,string,date,string,string
REPEATABLE FIELD?,n,n,n,n,n,n,n,n,n,n,n,n,n,n,n,n,n,n,n,n,n,n,n,n,n,y,y,n,n,n,n
REPEATING FIELD GROUP,"","",loanStatusGroupList < loanStatusGroup,loanStatusGroupList < loanStatusGroup,loanStatusGroupList < loanStatusGroup,lenderGroupList < lenderGroup,lenderGroupList < lenderGroup,lenderGroupList < lenderGroup,lenderGroupList < lenderGroup,lenderGroupList < lenderGroup,"",loaninFeesGroupList < loaninFeesGroup,loaninFeesGroupList < loaninFeesGroup,loaninFeesGroupList < loaninFeesGroup,"","","","","","","","","","","","","","","","",""
VALUE SOURCE TYPE,na,vocabulary,vocabulary,na,na,authority,authority,authority,authority,na,na,vocabulary,na,na,na,na,na,authority,authority,na,na,na,na,na,na,authority,authority,na,na,na,na
VALUE SOURCE,"",loanpurpose,loaninstatus,"","",person/local,organization/local,person/local,person/local,"","",currency,"","","","","",person/local,person/local,"","","","","","",person/local,organization/local,"","","",""
CSVHEADER,loanInNumber,loanPurpose,loanStatus,loanStatusDate,loanStatusNote,lenderPerson,lenderOrganization,lendersContact,lendersAuthorizer,lendersAuthorizationDate,creditLine,loaninFeesCurrency,loaninFeesAmount,loaninFeesDatePaid,anonymous,loaninCourierInfo,lenderNote,borrowersContact,borrowersAuthorizer,borrowersAuthorizationDate,loanInConditions,loanInNote,loanInDate,loanReturnDate,loanRenewalApplicationDate,loaninInsuranceInsurerPerson,loaninInsuranceInsurerOrganization,loaninInsurancePolicyNumber,loaninInsuranceRenewalDate,loaninInsuranceReferenceNumber,loaninInsuranceNote
