"Before importing CSV, delete initial column and rows above the CSVHEADER row","","","","","","","","",""
REQUIRED,y,n,n,n,n,n,n,n,n
DATA TYPE,string,string,float,date,date,string,string,string,string
REPEATABLE FIELD?,n,n,n,n,n,n,n,n,n
REPEATING FIELD GROUP,"",valueAmountsList < valueAmounts,valueAmountsList < valueAmounts,"","","","","",""
VALUE SOURCE TYPE,na,vocabulary,na,na,na,authority,authority,vocabulary,na
VALUE SOURCE,"",currency,"","","",person/local,organization/local,valueType,""
CSVHEADER,valuationcontrolRefNumber,valueCurrency,valueAmount,valueDate,valueRenewalDate,valueSourcePerson,valueSourceOrganization,valueType,valueNote
