"Before importing CSV, delete initial column and rows above the CSVHEADER row","","","","","","","","","","","","","","","","","","","","","","","","",""
REQUIRED,y,n,n,n,n,n,n,n,n,n,n,n,n,n,n,n,n,n,n,n,n,n,n,n,n
DATA TYPE,string,date,string,string,date,string,string,string,string,string,string,string,string,string,string,string,string,date,string,string,string,string,date,string,string
REPEATABLE FIELD?,n,n,n,y,n,y,y,n,n,n,n,n,n,n,n,n,n,n,y,y,y,y,n,n,n
REPEATING FIELD GROUP,"","","","","","","",depositorOMCAGroupList < depositorOMCAGroup,depositorOMCAGroupList < depositorOMCAGroup,depositorOMCAGroupList < depositorOMCAGroup,"",currentLocationGroupList < currentLocationGroup,currentLocationGroupList < currentLocationGroup,currentLocationGroupList < currentLocationGroup,currentLocationGroupList < currentLocationGroup,currentLocationGroupList < currentLocationGroup,currentLocationGroupList < currentLocationGroup,"","","","","","","",""
VALUE SOURCE TYPE,na,na,vocabulary,vocabulary,na,authority,authority,authority,authority,na,na,authority,authority,authority,authority,vocabulary,na,na,vocabulary,vocabulary,authority,authority,na,na,na
VALUE SOURCE,"","",entryReason,omcaentrymethod,"",person/local,organization/local,person/local,organization/local,"","",location/local,location/offsite,organization/local,place/local,conditionfitness,"","",conditioncheckmethod,conditioncheckreason,person/local,organization/local,"","",""
CSVHEADER,entryNumber,entryDate,entryReason,entryMethod,returnDate,currentOwnerPerson,currentOwnerOrganization,depositorOMCAPerson,depositorOMCAOrganization,depositorsRequirementsOMCA,entryNote,currentLocationLocationLocal,currentLocationLocationOffsite,currentLocationOrganization,currentLocationPlace,currentLocationFitness,currentLocationNote,locationDate,conditionCheckMethod,conditionCheckReason,conditionCheckerOrAssessorPerson,conditionCheckerOrAssessorOrganization,conditionCheckDate,conditionCheckReferenceNumber,conditionCheckNote
