"Before importing CSV, delete initial column and rows above the CSVHEADER row","","","","","","","","","","","","","","","","","",""
REQUIRED,y,n,n,n,n,n,n,n,n,n,n,n,n,n,n,n,n,n
DATA TYPE,string,string,string,string,string,string,string,boolean,string,string,string,string,string,string,string,string,string,date
REPEATABLE FIELD?,n,n,n,n,n,n,n,n,n,n,n,n,n,n,n,n,n,n
REPEATING FIELD GROUP,locTermGroupList < locTermGroup,locTermGroupList < locTermGroup,locTermGroupList < locTermGroup,locTermGroupList < locTermGroup,locTermGroupList < locTermGroup,locTermGroupList < locTermGroup,locTermGroupList < locTermGroup,locTermGroupList < locTermGroup,locTermGroupList < locTermGroup,locTermGroupList < locTermGroup,locTermGroupList < locTermGroup,locTermGroupList < locTermGroup,locTermGroupList < locTermGroup,"","","",conditionGroupList < conditionGroup,conditionGroupList < conditionGroup
VALUE SOURCE TYPE,na,na,na,optionlist,vocabulary,vocabulary,vocabulary,na,authority,authority,na,na,na,vocabulary,na,na,na,na
VALUE SOURCE,"","","","accepted, provisional, rejected, under review",termtype,locationtermflag,languages,"",citation/local,citation/worldcat,"","","",omcalocationtype,"","","",""
CSVHEADER,termDisplayName,termName,termQualifier,termStatus,termType,termFlag,termLanguage,termPrefForLang,termSourceLocal,termSourceWorldcat,termSourceDetail,termSourceID,termSourceNote,locationType,address,accessNote,conditionNote,conditionNoteDate
