"Before importing CSV, delete initial column and rows above the CSVHEADER row","","","","","","","","","","","","","","","","","","","","","","","","","","","","","","","","",""
REQUIRED,y,n,n,n,n,n,n,n,n,n,n,n,n,n,n,n,n,n,n,n,n,n,n,n,n,n,n,n,n,n,n,n,n
DATA TYPE,string,string,string,date,string,string,string,string,string,date,string,string,string,date,date,string,float,date,boolean,string,string,date,string,string,date,date,date,string,string,string,date,string,string
REPEATABLE FIELD?,n,n,n,n,n,n,n,n,n,n,n,n,n,n,n,n,n,n,n,n,n,n,n,n,n,n,n,y,y,n,n,n,n
REPEATING FIELD GROUP,"","",loanStatusGroupList < loanStatusGroup,loanStatusGroupList < loanStatusGroup,loanStatusGroupList < loanStatusGroup,"","","","","","",loanoutVenuesGroupList < loanoutVenuesGroup,loanoutVenuesGroupList < loanoutVenuesGroup,loanoutVenuesGroupList < loanoutVenuesGroup,loanoutVenuesGroupList < loanoutVenuesGroup,loanoutFeesGroupList < loanoutFeesGroup,loanoutFeesGroupList < loanoutFeesGroup,loanoutFeesGroupList < loanoutFeesGroup,"","","","","","","","","","","","","","",""
VALUE SOURCE TYPE,na,vocabulary,vocabulary,na,na,authority,authority,authority,authority,na,na,authority,authority,na,na,vocabulary,na,na,na,authority,authority,na,na,na,na,na,na,authority,authority,na,na,na,na
VALUE SOURCE,"",loanpurpose,omcaloanoutstatus,"","",person/local,organization/local,person/local,person/local,"","",person/local,organization/local,"","",currency,"","","",person/local,person/local,"","","","","","",person/local,organization/local,"","","",""
CSVHEADER,loanOutNumber,loanPurpose,loanStatus,loanStatusDate,loanStatusNote,borrowerPerson,borrowerOrganization,borrowersContact,borrowersAuthorizer,borrowersAuthorizationDate,loanoutExhibitionTitle,loanoutVenuePerson,loanoutVenueOrganization,loanoutVenueOpeningDate,loanoutVenueClosingDate,loanoutFeesCurrency,loanoutFeesAmount,loanoutFeesDatePaid,loanoutCourierInfo,lendersAuthorizer,lendersContact,lendersAuthorizationDate,specialConditionsOfLoan,loanOutNote,loanOutDate,loanReturnDate,loanRenewalApplicationDate,loanoutInsuranceInsurerPerson,loanoutInsuranceInsurerOrganization,loanoutInsurancePolicyNumber,loanoutInsuranceRenewalDate,loanoutInsuranceReferenceNumber,loanoutInsuranceNote
