"Before importing CSV, delete initial column and rows above the CSVHEADER row","","","","","","","","",""
REQUIRED,y,n,n,n,n,n,n,n,n
DATA TYPE,string,structured date group,string,string,string,date,string,string,string
REPEATABLE FIELD?,n,n,n,n,n,n,y,n,n
REPEATING FIELD GROUP,"","","","",exitStatusGroupList < exitStatusGroup,exitStatusGroupList < exitStatusGroup,"","",""
VALUE SOURCE TYPE,na,na,authority,authority,vocabulary,na,vocabulary,vocabulary,na
VALUE SOURCE,"","",person/local,organization/local,exitstatus,"",exitmethod,exitreason,""
CSVHEADER,exitNumber,exitDateGroup,depositorPerson,depositorOrganization,exitStatus,exitStatusDate,exitMethod,exitReason,exitNote
