"Before importing CSV, delete initial column and rows above the CSVHEADER row","","","","","","","","","","","","","","","","","","","","","","","","","","","","","","","","","","","","","",""
REQUIRED,y,n,n,n,n,n,n,n,n,n,n,n,n,n,n,n,n,n,n,n,n,n,n,n,n,n,n,n,n,n,n,n,n,n,n,n,n,n
DATA TYPE,string,string,string,string,string,string,string,string,string,string,date,date,string,string,string,string,string,string,string,string,string,string,string,string,date,string,string,string,date,string,string,string,string,string,string,string,string,boolean
REPEATABLE FIELD?,n,n,n,n,n,n,n,n,n,n,n,n,n,n,n,n,n,n,n,n,n,n,n,n,n,n,n,n,n,n,n,n,n,n,n,n,n,n
REPEATING FIELD GROUP,"","","","",venueGroupList < venueGroup,venueGroupList < venueGroup,venueGroupList < venueGroup,venueGroupList < venueGroup,venueGroupList < venueGroup,venueGroupList < venueGroup,venueGroupList < venueGroup,venueGroupList < venueGroup,"","",exhibitionReferenceGroupList < exhibitionReferenceGroup,exhibitionReferenceGroupList < exhibitionReferenceGroup,exhibitionReferenceGroupList < exhibitionReferenceGroup,exhibitionReferenceGroupList < exhibitionReferenceGroup,exhibitionSectionOMCAGroupList < exhibitionSectionOMCAGroup,exhibitionSectionOMCAGroupList < exhibitionSectionOMCAGroup,exhibitionSectionOMCAGroupList < exhibitionSectionOMCAGroup,exhibitionSectionOMCAGroupList < exhibitionSectionOMCAGroup,exhibitionSectionOMCAGroupList < exhibitionSectionOMCAGroup,exhibitionStatusGroupList < exhibitionStatusGroup,exhibitionStatusGroupList < exhibitionStatusGroup,exhibitionStatusGroupList < exhibitionStatusGroup,exhibitionObjectOMCAGroupList < exhibitionObjectOMCAGroup,exhibitionObjectOMCAGroupList < exhibitionObjectOMCAGroup,exhibitionObjectOMCAGroupList < exhibitionObjectOMCAGroup,exhibitionObjectOMCAGroupList < exhibitionObjectOMCAGroup,exhibitionObjectOMCAGroupList < exhibitionObjectOMCAGroup,exhibitionObjectOMCAGroupList < exhibitionObjectOMCAGroup,exhibitionObjectOMCAGroupList < exhibitionObjectOMCAGroup,exhibitionObjectOMCAGroupList < exhibitionObjectOMCAGroup,exhibitionObjectOMCAGroupList < exhibitionObjectOMCAGroup,exhibitionObjectOMCAGroupList < exhibitionObjectOMCAGroup,exhibitionObjectOMCAGroupList < exhibitionObjectOMCAGroup,exhibitionObjectOMCAGroupList < exhibitionObjectOMCAGroup
VALUE SOURCE TYPE,na,na,na,vocabulary,authority,authority,authority,authority,authority,authority,na,na,na,na,authority,authority,vocabulary,na,na,na,na,na,na,vocabulary,na,na,na,na,na,vocabulary,vocabulary,vocabulary,na,na,na,na,na,na
VALUE SOURCE,"","","",omcaexhibitiontype,organization/local,organization/ulan,location/local,location/offsite,place/local,place/tgn,"","","","",citation/local,citation/worldcat,exhibitionreferencetype,"","","","","","",exhibitionstatus,"","","","","",exhibitionobjectconstreatment,exhibitiondisplayasgraphic,exhibitionobjectmount,"","","","","",""
CSVHEADER,exhibitionNumber,projectNumber,title,type,venueOrganizationLocal,venueOrganizationUlan,venueLocationLocal,venueLocationOffsite,venuePlaceLocal,venuePlaceTgn,venueOpeningDate,venueClosingDate,planningNote,generalNote,exhibitionReferenceLocal,exhibitionReferenceWorldcat,exhibitionReferenceType,exhibitionReferenceNote,exhibitionSectionNameOMCA,exhibitionSubsectionNameOMCA,exhibitionSectionLocationOMCA,exhibitionSectionObjectsOMCA,exhibitionSectionNoteOMCA,exhibitionStatus,exhibitionStatusDate,exhibitionStatusNote,exhibitionObjectNumberOMCA,exhibitionObjectNameOMCA,exhibitionObjectConsCheckDateOMCA,exhibitionObjectConsTreatmentOMCA,exhibitionDisplayAsGraphicOMCA,exhibitionObjectMountOMCA,exhibitionObjectSectionOMCA,exhibitionObjectCaseOMCA,exhibitionObjectSeqNumOMCA,exhibitionObjectRotationOMCA,exhibitionObjectNoteOMCA,exhibitionCrateExistsOMCA
