"Before importing CSV, delete initial column and rows above the CSVHEADER row","","","","","","","","","","","","","","","","","","","","","","","","","","","","","","","","",""
REQUIRED,y,n,n,n,n,n,n,n,n,n,n,n,n,n,n,n,n,n,n,n,n,n,n,n,n,n,n,n,n,n,n,n,n
DATA TYPE,string,string,string,boolean,boolean,string,string,string,string,string,string,string,string,float,string,string,date,string,string,string,string,string,string,string,string,string,structured date group,string,string,string,string,string,string
REPEATABLE FIELD?,n,n,n,n,n,n,n,n,n,n,n,n,n,n,n,n,n,n,n,n,n,n,n,y,n,y,y,n,y,n,n,n,n
REPEATING FIELD GROUP,"","","","","","","","","",measuredPartGroupList < measuredPartGroup,measuredPartGroupList < measuredPartGroup,measuredPartGroupList < measuredPartGroup < dimensionSubGroupList < dimensionSubGroup,measuredPartGroupList < measuredPartGroup < dimensionSubGroupList < dimensionSubGroup,measuredPartGroupList < measuredPartGroup < dimensionSubGroupList < dimensionSubGroup,measuredPartGroupList < measuredPartGroup < dimensionSubGroupList < dimensionSubGroup,measuredPartGroupList < measuredPartGroup < dimensionSubGroupList < dimensionSubGroup,measuredPartGroupList < measuredPartGroup < dimensionSubGroupList < dimensionSubGroup,"","","","","","","","","","","","","","","",""
VALUE SOURCE TYPE,na,na,na,na,na,na,na,na,na,vocabulary,na,optionlist,vocabulary,na,vocabulary,na,na,authority,authority,authority,authority,authority,authority,na,na,vocabulary,na,na,na,authority,authority,na,na
VALUE SOURCE,"","","","","","","","","",measuredpart,"","area, base, circumference, count, depth, diameter, height, length, running-time, target, volume, weight, width",measurementmethod,"",measurementUnit,"","",person/local,organization/local,person/local,organization/local,person/local,organization/local,"","",mediaType,"","","",person/local,organization/local,"",""
CSVHEADER,identificationNumber,originalFileName,title,isPrimary,approveForPublic,name,mimeType,length,externalUrl,measuredPart,dimensionSummary,dimension,measurementMethod,value,measurementUnit,valueQualifier,valueDate,contributorPerson,contributorOrganization,creatorPerson,creatorOrganization,publisherPerson,publisherOrganization,relation,copyrightStatement,type,dateGroup,source,subject,rightsHolderPerson,rightsHolderOrganization,description,mediaFileURI
