"Before importing CSV, delete initial column and rows above the CSVHEADER row","","","","","","","","","","","","","","","","","","","","","","",""
REQUIRED,y,n,n,n,n,n,n,n,n,n,n,n,n,n,n,n,n,n,n,n,n,n,n
DATA TYPE,string,string,string,string,string,string,string,string,boolean,string,string,string,string,string,string,string,string,string,string,string,string,string,string
REPEATABLE FIELD?,n,n,n,n,n,n,n,n,n,n,n,n,n,n,y,n,n,n,n,n,n,n,n
REPEATING FIELD GROUP,conceptTermGroupList < conceptTermGroup,conceptTermGroupList < conceptTermGroup,conceptTermGroupList < conceptTermGroup,conceptTermGroupList < conceptTermGroup,conceptTermGroupList < conceptTermGroup,conceptTermGroupList < conceptTermGroup,conceptTermGroupList < conceptTermGroup,conceptTermGroupList < conceptTermGroup,conceptTermGroupList < conceptTermGroup,conceptTermGroupList < conceptTermGroup,conceptTermGroupList < conceptTermGroup,conceptTermGroupList < conceptTermGroup,conceptTermGroupList < conceptTermGroup,conceptTermGroupList < conceptTermGroup,"","","","",citationGroupList < citationGroup,citationGroupList < citationGroup,"","",""
VALUE SOURCE TYPE,na,na,na,optionlist,vocabulary,vocabulary,vocabulary,vocabulary,na,authority,authority,na,na,na,vocabulary,na,na,na,authority,na,na,na,na
VALUE SOURCE,"","","","accepted, provisional, rejected, under review",termtype,concepttermflag,historicalStatus,languages,"",citation/local,citation/worldcat,"","","",concepttype,"","","",citation/local,"","","",""
CSVHEADER,termDisplayName,termName,termQualifier,termStatus,termType,termFlag,historicalStatus,termLanguage,termPrefForLang,termSourceLocal,termSourceWorldcat,termSourceDetail,termSourceID,termSourceNote,conceptRecordType,scopeNote,scopeNoteSource,scopeNoteSourceDetail,citationSource,citationSourceDetail,legacyArgusNotes,legacyParents,legacySeeAlso
