"Before importing CSV, delete initial column and rows above the CSVHEADER row","","","","","","","","","","","","","","","","","","","","","","","","","","","","","","","","","","","","","","","","","","","","","","","","","","","","","","","","","",""
REQUIRED,y,n,n,n,n,n,n,n,n,n,n,n,n,n,n,n,n,n,n,n,n,n,n,n,n,n,n,n,n,n,n,n,n,n,n,n,n,n,n,n,n,n,n,n,n,n,n,n,n,n,n,n,n,n,n,n,n,n
DATA TYPE,string,string,string,string,string,string,string,string,string,date,date,string,string,string,string,string,string,date,string,string,string,string,string,string,date,string,date,string,date,string,date,string,date,string,date,string,date,string,date,string,date,string,date,string,date,string,date,string,date,string,date,string,string,date,string,date,string,string
REPEATABLE FIELD?,n,n,n,n,n,n,n,n,n,n,n,y,n,n,n,y,n,n,n,y,n,n,n,n,n,n,n,n,n,n,n,n,n,n,n,n,n,n,n,n,n,n,n,n,n,n,n,n,n,n,n,n,n,n,n,n,n,y
REPEATING FIELD GROUP,"",claimClaimantOMCAGroupList < claimClaimantOMCAGroup,claimClaimantOMCAGroupList < claimClaimantOMCAGroup,claimClaimantOMCAGroupList < claimClaimantOMCAGroup,claimClaimantOMCAGroupList < claimClaimantOMCAGroup,claimClaimantOMCAGroupList < claimClaimantOMCAGroup,claimClaimantOMCAGroupList < claimClaimantOMCAGroup,"",requestsGroupList < requestsGroup,requestsGroupList < requestsGroup,requestsGroupList < requestsGroup,"","",altClaimNamesGroupList < altClaimNamesGroup,altClaimNamesGroupList < altClaimNamesGroup,"","",claimFiledDatesGroupList < claimFiledDatesGroup,claimFiledDatesGroupList < claimFiledDatesGroup,"",sitesInvolvedGroupList < sitesInvolvedGroup,sitesInvolvedGroupList < sitesInvolvedGroup,culturalGroupsInvolvedGroupList < culturalGroupsInvolvedGroup,culturalGroupsInvolvedGroupList < culturalGroupsInvolvedGroup,initialResponseDatesGroupList < initialResponseDatesGroup,initialResponseDatesGroupList < initialResponseDatesGroup,sentNAGPRACommitteeDatesGroupList < sentNAGPRACommitteeDatesGroup,sentNAGPRACommitteeDatesGroupList < sentNAGPRACommitteeDatesGroup,recommendationsNAGPRACommitteeGroupList < recommendationsNAGPRACommitteeGroup,recommendationsNAGPRACommitteeGroupList < recommendationsNAGPRACommitteeGroup,deaccessionResearchCompleteGroupList < deaccessionResearchCompleteGroup,deaccessionResearchCompleteGroupList < deaccessionResearchCompleteGroup,sentCollectionsCommitteeGroupList < sentCollectionsCommitteeGroup,sentCollectionsCommitteeGroupList < sentCollectionsCommitteeGroup,recommendationCollectionsCommitteeGroupList < recommendationCollectionsCommitteeGroup,recommendationCollectionsCommitteeGroupList < recommendationCollectionsCommitteeGroup,sentExecutiveTeamGroupList < sentExecutiveTeamGroup,sentExecutiveTeamGroupList < sentExecutiveTeamGroup,recommendationExecutiveTeamGroupList < recommendationExecutiveTeamGroup,recommendationExecutiveTeamGroupList < recommendationExecutiveTeamGroup,sentOMCABoardGroupList < sentOMCABoardGroup,sentOMCABoardGroupList < sentOMCABoardGroup,recommendationOMCABoardGroupList < recommendationOMCABoardGroup,recommendationOMCABoardGroupList < recommendationOMCABoardGroup,sentNationalNAGPRADatesGroupList < sentNationalNAGPRADatesGroup,sentNationalNAGPRADatesGroupList < sentNationalNAGPRADatesGroup,responsesNationalNAGPRAGroupList < responsesNationalNAGPRAGroup,responsesNationalNAGPRAGroupList < responsesNationalNAGPRAGroup,publicationsNationalNAGPRAGroupList < publicationsNationalNAGPRAGroup,publicationsNationalNAGPRAGroupList < publicationsNationalNAGPRAGroup,nationalNAGPRA30DayNoticesGroupList < nationalNAGPRA30DayNoticesGroup,nationalNAGPRA30DayNoticesGroupList < nationalNAGPRA30DayNoticesGroup,nationalNAGPRA30DayNoticesGroupList < nationalNAGPRA30DayNoticesGroup,claimantNotifiedClaimStatusGroupList < claimantNotifiedClaimStatusGroup,claimantNotifiedClaimStatusGroupList < claimantNotifiedClaimStatusGroup,transferDatesGroupList < transferDatesGroup,transferDatesGroupList < transferDatesGroup,""
VALUE SOURCE TYPE,na,authority,authority,authority,authority,vocabulary,na,vocabulary,na,na,na,na,na,na,na,vocabulary,na,na,na,na,na,na,authority,na,na,na,na,na,na,na,na,na,na,na,na,na,na,na,na,na,na,na,na,na,na,na,na,na,na,na,na,optionlist,na,na,na,na,na,na
VALUE SOURCE,"",person/local,organization/local,person/local,organization/local,federallyrecognized,"",transactiontype,"","","","","","","",claimtype,"","","","","","",organization/local,"","","","","","","","","","","","","","","","","","","","","","","","","","","","","period-begins, period-ends","","","","","",""
CSVHEADER,claimNumber,filedByOMCAPerson,filedByOMCAOrganization,filedOnBehalfOfOMCAPerson,filedOnBehalfOfOMCAOrganization,federallyRecognizedOMCA,claimantNoteOMCA,transactionType,detailsOfRequest,dateOfRequest,dateFulfilled,noteOnRequest,claimNumberOMCA,altClaimName,altClaimNote,claimType,claimName,claimFiledDate,claimFiledNote,claimNote,siteOrPlaceName,siteOrPlaceNote,culturalGroupName,culturalGroupNote,initialResponseDate,initialResponseDateNote,sentNAGPRACommitteeDate,sentNAGPRACommitteeNote,recommendationNAGPRACommitteeDate,recommendationNAGPRACommitteeNote,deaccessionResearchCompleteDate,deaccessionResearchCompleteNote,sentCollectionsCommitteeDate,sentCollectionsCommitteeNote,recommendationCollectionsCommitteeDate,recommendationCollectionsCommitteeRecommendation,sentExecutiveTeamDate,sentExecutiveTeamNote,recommendationExecutiveTeamDate,recommendationExecutiveTeamRecommendation,sentOMCABoardDate,sentOMCABoardNote,recommendationOMCABoardDate,recommendationOMCABoardRecommendation,sentNationalNAGPRADate,sentNationalNAGPRANote,responseNationalNAGPRADate,responseNationalNAGPRANote,publicationNationalNAGPRADate,publicationNationalNAGPRANote,nationalNAGPRA30DayNoticeDate,nationalNAGPRA30DayNoticeType,nationalNAGPRA30DayNoticeNote,claimantNotifiedClaimStatusDate,claimantNotifiedClaimStatusNote,transferDate,transferNote,claimProcessNote
