"Before importing CSV, delete initial column and rows above the CSVHEADER row","","","","","","","","","","","","","","","","","","","","","","","","","","","","","","","","","","","","","","","","","","","","","","","","","","","","","","","","","","","","",""
REQUIRED,y,n,n,n,n,n,n,n,n,n,n,n,n,n,n,n,n,n,n,n,n,n,n,n,n,n,n,n,n,n,n,n,n,n,n,n,n,n,n,n,n,n,n,n,n,n,n,n,n,n,n,n,n,n,n,n,n,n,n,n,n
DATA TYPE,string,string,string,string,string,string,string,string,boolean,string,string,structured date group,string,string,string,string,string,string,string,string,string,structured date group,string,string,string,string,string,string,string,string,string,string,string,string,string,string,float,float,float,float,float,float,string,string,float,float,string,integer,string,string,string,string,string,string,string,structured date group,string,string,string,string,string
REPEATABLE FIELD?,n,n,n,n,n,n,n,n,n,n,n,n,n,n,n,n,n,n,n,n,n,n,n,n,n,n,n,n,n,n,n,n,n,n,n,n,n,n,n,n,n,n,n,n,n,n,n,n,n,n,n,n,n,n,n,n,n,n,n,n,n
REPEATING FIELD GROUP,placeTermGroupList < placeTermGroup,placeTermGroupList < placeTermGroup,placeTermGroupList < placeTermGroup,placeTermGroupList < placeTermGroup,placeTermGroupList < placeTermGroup,placeTermGroupList < placeTermGroup,placeTermGroupList < placeTermGroup,placeTermGroupList < placeTermGroup,placeTermGroupList < placeTermGroup,placeTermGroupList < placeTermGroup,placeTermGroupList < placeTermGroup,placeTermGroupList < placeTermGroup,placeTermGroupList < placeTermGroup,placeTermGroupList < placeTermGroup,placeTermGroupList < placeTermGroup,placeTermGroupList < placeTermGroup,placeTermGroupList < placeTermGroup,"","",placeOwnerGroupList < placeOwnerGroup,placeOwnerGroupList < placeOwnerGroup,placeOwnerGroupList < placeOwnerGroup,placeOwnerGroupList < placeOwnerGroup,"","","","","","","","","","","","","","","","","","","","","",placeGeoRefGroupList < placeGeoRefGroup,placeGeoRefGroupList < placeGeoRefGroup,placeGeoRefGroupList < placeGeoRefGroup,placeGeoRefGroupList < placeGeoRefGroup,placeGeoRefGroupList < placeGeoRefGroup,placeGeoRefGroupList < placeGeoRefGroup,placeGeoRefGroupList < placeGeoRefGroup,placeGeoRefGroupList < placeGeoRefGroup,placeGeoRefGroupList < placeGeoRefGroup,placeGeoRefGroupList < placeGeoRefGroup,placeGeoRefGroupList < placeGeoRefGroup,placeGeoRefGroupList < placeGeoRefGroup,placeGeoRefGroupList < placeGeoRefGroup,placeGeoRefGroupList < placeGeoRefGroup,placeGeoRefGroupList < placeGeoRefGroup,placeGeoRefGroupList < placeGeoRefGroup,placeGeoRefGroupList < placeGeoRefGroup
VALUE SOURCE TYPE,na,na,na,optionlist,vocabulary,vocabulary,vocabulary,vocabulary,na,na,na,na,authority,authority,na,na,na,vocabulary,authority,authority,authority,na,na,na,na,na,na,na,na,na,vocabulary,vocabulary,na,na,na,vocabulary,na,na,na,na,na,na,na,na,na,na,vocabulary,na,na,na,na,na,na,authority,authority,na,vocabulary,na,vocabulary,na,na
VALUE SOURCE,"","","","accepted, provisional, rejected, under review",termtype,placetermflag,placehistoricalStatus,languages,"","","","",citation/local,citation/worldcat,"","","",placeType,citation/local,person/local,organization/local,"","","","","","","","","",vcoordsys,vspatialreferencesystem,"","","",vunitofmeasure,"","","","","","","","","","",geodeticdatum,"","","","","","",person/local,organization/local,"",georefprotocol,"",georefverificationstatus,"",""
CSVHEADER,termDisplayName,termName,termQualifier,termStatus,termType,termFlag,historicalStatus,termLanguage,termPrefForLang,nameAbbrev,nameNote,nameDateGroup,termSourceLocal,termSourceWorldcat,termSourceDetail,termSourceID,termSourceNote,placeType,placeSource,ownerPerson,ownerOrganization,ownershipDateGroup,ownershipNote,placeNote,legacyArgusNotes,legacyParents,legacySeeAlso,vCoordinates,vLatitude,vLongitude,vCoordSys,vSpatialReferenceSystem,vElevation,vDepth,vDistanceAboveSurface,vUnitofMeasure,minElevationInMeters,maxElevationInMeters,minDepthInMeters,maxDepthInMeters,minDistanceAboveSurfaceInMeters,maxDistanceAboveSurfaceInMeters,vCoordSource,vCoordSourceRefId,decimalLatitude,decimalLongitude,geodeticDatum,coordUncertaintyInMeters,coordPrecision,pointRadiusSpatialFit,footprintWKT,footprintSRS,footprintSpatialFit,geoReferencedByPerson,geoReferencedByOrganization,geoRefDateGroup,geoRefProtocol,geoRefSource,geoRefVerificationStatus,geoRefRemarks,geoRefPlaceName
