"Before importing CSV, delete initial column and rows above the CSVHEADER row","","","","","","","","","","","","","","","","","","","","","","","","","","",""
REQUIRED,y,n,n,n,n,n,n,n,n,n,n,n,n,n,n,n,n,n,n,n,n,n,n,n,n,n,n
DATA TYPE,string,string,string,string,string,date,date,string,string,string,date,string,string,date,string,boolean,string,string,string,string,string,string,string,string,string,date,string
REPEATABLE FIELD?,n,n,n,n,n,n,n,n,y,n,n,n,n,n,n,n,n,n,n,n,n,n,n,n,n,n,n
REPEATING FIELD GROUP,"","","",assessmentRequestGroupList < assessmentRequestGroup,assessmentRequestGroupList < assessmentRequestGroup,assessmentRequestGroupList < assessmentRequestGroup,assessmentRequestGroupList < assessmentRequestGroup,"","","","","",envConditionNoteGroupList < envConditionNoteGroup,envConditionNoteGroupList < envConditionNoteGroup,"","","","","","","","","","",hazardGroupList < hazardGroup,hazardGroupList < hazardGroup,hazardGroupList < hazardGroup
VALUE SOURCE TYPE,na,authority,authority,authority,vocabulary,na,na,vocabulary,vocabulary,vocabulary,na,na,na,na,na,na,vocabulary,na,na,na,vocabulary,vocabulary,vocabulary,na,vocabulary,na,na
VALUE SOURCE,"",person/local,organization/local,person/local,assessmentrequestrole,"","",conditionCheckReason,omcaConditionCheckMethod,condition,"","","","","","",needstreatment,"","","",temperaturelevel,humiditylevel,lightlevel,"",hazard,"",""
CSVHEADER,conditionCheckRefNumber,conditionCheckerPerson,conditionCheckerOrganization,assessmentRequestedBy,assessmentRequestRole,assessmentRequestDateRequested,assessmentRequestDateRequired,conditionCheckReason,omcaConditionCheckMethod,condition,conditionDate,conditionNote,envConditionNote,envConditionNoteDate,conditionCheckNote,okForExhibitLoanAccession,needsTreatment,displayRecommendations,handlingRecommendations,packingRecommendations,tempRequirement,humidityRequirement,lightRequirement,storageRequirements,hazard,hazardDate,hazardNote
